B0 ,SETUPCMD,1,0,1,1,0,0,0,0,
1,1,PUREN,-,FORCE_DISPON,WP_PN,-,-,-,OSC _EN ,0x90
2,2,-,-,-,-,-,-,D[1:0],,0x00
3,3,VGL_S1_EN,VGL_S1_WPEN,VGL_S2_EN,VGH_S1_EN,VGH_S1_WPEN,VGH_S2_EN,VGH_S2_WPEN,VGH_S3_EN,0x00
4,4,-,-,VSN_EN,VSP_EN,VGL_EN,-,VGH_EN,STB,0x01
B1 ,SETAPPLEID,1,0,1,1,0,0,0,1,
1,1,APPLE_ID1[7:0],,,,,,,,BY OTP
2,2,APPLE_ID2[7:0],,,,,,,,BY OTP
3,3,APPLE_ID3[7:0],,,,,,,,BY OTP
4,4,APPLE_ID4[7:0],,,,,,,,BY OTP
5,5,APPLE_ID5[7:0],,,,,,,,BY OTP
6,6,APPLE_ID6[7:0],,,,,,,,BY OTP
7,7,APPLE_ID7[7:0],,,,,,,,BY OTP
8,8,APPLE_ID8[7:0],,,,,,,,BY OTP
9,9,APPLE_ID9[7:0],,,,,,,,BY OTP
A,10,APPLE_ID10[7:0],,,,,,,,BY OTP
B,11,APPLE_ID11[7:0],,,,,,,,BY OTP
C,12,APPLE_ID12[7:0],,,,,,,,BY OTP
D,13,APPLE_ID13[7:0],,,,,,,,BY OTP
E,14,APPLE_ID14[7:0],,,,,,,,BY OTP
F,15,APPLE_ID15[7:0],,,,,,,,BY OTP
B2 ,SETDISP ,1,0,1,1,0,0,1,0,
1,1,NL[7:0],,,,,,,,0xC8
2,2,RES_V_LSB[1:0],,BLK_CON[1:0],,-,RESO_SEL[2:0],,,0x02
3,3,WHITE_GND_EN,WHITE_FRAME_SEL[2:0],,,-,ISC[2:0],,,0xA0
4,4,LINE_MIN[9:2],,,,,,,,
5,5,LINE_MAX[9:2],,,,,,,,
6,6,-,-,-,-,LINE_MIN[1:0],,LINE_MAX[1:0],,
B3,SETRGBIF ,1,0,1,1,0,0,1,1,
1,1,VBP_RGB_GEN[7:0],,,,,,,,0x28
2,2,VFP_RGB_GEN[7:0],,,,,,,,0x28
3,3,DE_BP_RGB_GEN[7:0],,,,,,,,0x28
4,4,DE_FP_RGB_GEN[7:0],,,,,,,,0x28
5,5,-,-,-,TEST_PAT[4:0],,,,,0x03
6,6,PURE_PAT[7:0],,,,,,,,0xFF
7,7,-,-,-,-,-,-,HBASE_CUST[9:8],,0x00
8,8,HBASE_CUST[7:0],,,,,,,,0x00
9,9,VBASE_CUST[7:0],,,,,,,,0x00
A,10,PAT_GEN_EN[7:0],,,,,,,,0x00
B4,SETCYC ,1,0,1,1,0,1,0,0,
1,1,ZINV_S2401_EN,ZINV_G_EVEN_EN,ZINV_EN,ZINV2_EN,-,N_NW[2:0],,,0x80
2,2,-,-,OP_DLY[1:0],,-,I_NW[2:0],,,0x00
B5,SETBGP,1,0,1,1,0,1,0,1,
1,1,-,-,-,VREF_SEL[4:0] ,,,,,0x09
2,2,-,-,-,NVREF_SEL[4:0],,,,,0x09
3,3,-,-,-,-,VTRIM_SHIFT[3:0],,,,0x00
4,4,-,-,-,-,NVTRIM_SHIFT[3:0],,,,0x00
5,5,-,-,VTRIM_REG[5:0],,,,,,0x20
6,6,-,-,NVTRIM_REG[5:0],,,,,,0x20
7,7,-,-,-,TEMP_TRIM_I[4:0],,,,,0x10
8,8,-,-,-,TEMP_TRIM_R[4:0],,,,,0x10
B6,SETCOM,1,0,1,1,0,1,1,0,
1,1,VCOMDC_F[7:0],,,,,,,,0x4D
2,2,VCOMDC_B[7:0],,,,,,,,0x4D
3,3,-,-,-,-,-,VCOM_OTP_TIMES[2:0],,,0x00
B7,SETOTP,1,0,1,1,0,1,1,1,
1,1,OTP_KEY[7:0],,,,,,,,0xFF
2,2,OTP_MASK[7:0],,,,,,,,0x00
3,3,PSRR_VPP,VPPSEL[2:0],,,-,-,-,OTP_INDEX[8],0x30
4,4,OTP_INDEX[7:0],,,,,,,,0x00
5,5,Load_DIS,VPP_EN,OTP_SEL,OTP_PWE,OTP_PTM[1:0],,OTP_POR,OTP_PORG,0x00
6,6,OTP_DATA[7:0],,,,,,,,BY OTP OUT
7,7,OTP_PT[2:0],,,OTP_ST[2:0],,,OTP_BIT[1:0],,0x4E
B8,SET POWER_EXT,1,0,1,1,1,0,0,0,
1,1,-,PCCS[2:0],,,ECP_DC_DIV[3:0],,,,0x24
2,2,VSP_FBON,SINGLE_PUMP,DT[1:0],,SYNC_STB,XDK_ECP[1:0] ,,-,0x22
3,3,LINE_PERIOD_TOL[3:0],,,,CPR_EN,PFM_DC_DIV[2:0],,,0x20
4,4,REDUCE_PERIOD_CNT[3:0],,,,FULL_PUMP_EN,WITHOUT_NOPUMP_EN,ECP_SYNC_EN,VGX_SYNC_EN,0x03
5,5,A_DC[1:0],,A_DTP[2:0],,,A_DTN[2:0],,,0xED
6,6,DCS[1:0],,DTPS[2:0],,,DTNS[2:0],,,0x00
7,7,D10_PUMP_PERIOD[7:0],,,,,,,,0x75
B9,SETEXTC,1,0,1,1,1,0,0,1,
1,1,EXTC1[7:0],,,,,,,,0x00
2,2,EXTC2[7:0],,,,,,,,0x00
3,3,EXTC3[7:0],,,,,,,,0x00
BA,SETMIPI,1,0,1,1,1,0,1,0,
1,1,DSISETUP[7:0] ,,,,,,,,0x33
2,2,DPHYOTP0[7:0] ,,,,,,,,0x61
3,3,DPHYOTP9[7:0] ,,,,,,,,0x06
4,4,DSI_H_OPT1[7:0],,,,,,,,0xFB
5,5,DSI_H_OPT2[7:0],,,,,,,,0xFF
6,6,DSI_H_OPT3[7:0],,,,,,,,0x14
7,7,DPHYOTP1[7:0] ,,,,,,,,0x00
8,8,DPHYOTP2[7:0] ,,,,,,,,0x00
9,9,DPHYOTP3[7:0] ,,,,,,,,0x00
A,10,DPHYOTP4[7:0] ,,,,,,,,0x00
B,11,DPHYOTP5[7:0] ,,,,,,,,0x00
C,12,DPHYOTP6[7:0] ,,,,,,,,0x00
D,13,DPHYOTP7[7:0] ,,,,,,,,0x00
E,14,DPHYOTP8[7:0] ,,,,,,,,0x00
F,15,DPHYCMD1[7:0] ,,,,,,,,0x44
10,16,DPHYCMD2[7:0] ,,,,,,,,0x25
11,17,DPHYCMD0[7:0] ,,,,,,,,0x00
12,18,DSICMD0[7:0] ,,,,,,,,0x91
13,19,DSICMD1[7:0] ,,,,,,,,0x0A
14,20,DSICMD2[7:0] ,,,,,,,,0x00
15,21,DSICMD3[7:0] ,,,,,,,,0x00
16,22,DSIOTP0[7:0] ,,,,,,,,0x02
17,23,DSIOTP1[7:0] ,,,,,,,,0x4F
18,24,DSI_H_OPT4[7:0],,,,,,,,0xD1
19,25,DSI_Error_en1[7:0],,,,,,,,0x00
1A,26,DSI_Error_en2[7:0],,,,,,,,0x00
1B,27,PERI_On_EN,CM_On_EN,CMD_FIFO_OPT,DSI_2over3_EN,HSCK_CNT_INI[3:0],,,,0x37
BB,SETDSI_SPI,1,0,1,1,1,1,0,0,
1,1,DSI_SPI_MODE[7:0],,,,,,,,0x00
2,2,-,-,-,-,-,-,FORCE_BS[1:0],,0x02
BC,SETVDC,1,0,1,1,1,1,0,0,
1,1,-,NVDDD_SEL[2:0],,,ENDR_VDDD,VDDD_SEL[2:0],,,0x47
BD,SETSTD,1,0,1,1,1,1,0,1,
1,1,-,-,-,-,-,-,-,STD_RD_OPTION,0x00
2,2,R09_01[7:0],,,,,,,,0x00
3,3,R09_02[7:0],,,,,,,,0x00
4,4,R09_03[7:0],,,,,,,,0x00
5,5,R09_04[7:0],,,,,,,,0x00
6,6,R0A[7:0],,,,,,,,0x00
7,7,R0B[7:0],,,,,,,,0x00
8,8,R0C[7:0],,,,,,,,0x00
BE,Logic debug,1,0,1,1,1,1,1,0,
1,1,TEST_OE[7:0],,,,,,,,0x00
2,2,-,-,-,-,-,-,-,PROB[8],N/A
3,3,PROB[7:0] ,,,,,,,,N/A
4,4,M_START_EN[7:0] ,,,,,,,,0x00
BF,SETPCR,1,0,1,1,1,1,1,1,
1,1,PCR[31:24],,,,,,,,0x02
2,2,PCR[23:16],,,,,,,,0x10
3,3,PCR[15:8],,,,,,,,0x02
4,4,PCR[7:0],,,,,,,,0x80
5,5,CCR[7:0],,,,,,,,0x07
C0,SETSCR,1,1,0,0,0,0,0,0,
1,1,N_POPON[7:0],,,,,,,,0x73
2,2,N_NOPON[7:0],,,,,,,,0x73
3,3,I_POPON[7:0],,,,,,,,0x50
4,4,I_NOPON[7:0],,,,,,,,0x50
5,5,SCR[31:24],,,,,,,,0xC0
6,6,SCR[23:16],,,,,,,,0x00
7,7,SCR[15:8],,,,,,,,0x08
8,8,SCR[7:0],,,,,,,,0x70
9,9,GENON[7:0],,,,,,,,0x00
C1,SETPOWER ,1,1,0,0,0,0,1,0,
1,1,VBTHS[3:0],,,,VBTLS[3:0],,,,0x53
2,2,FBOFF_VGH,FBOFF_VGL,-,-,-,-,-,-,0xC0
3,3,-,-,VRP[5:0],,,,,,0x16
4,4,-,-,VRN[5:0],,,,,,0x16
5,5,VSPS[3:0],,,,VSNS[3:0],,,,0x77
6,6,VGL_DET_EN,VGH_DET_EN,VGL_TURBO,VGH_TURBO,-,APS[2:0],,,0xD1
7,7,VGH1_L_DIV[3:0],,,,VGL1_L_DIV[3:0],,,,0xCC
8,8,VGH1_R_DIV[3:0],,,,VGL1_R_DIV[3:0],,,,0xDD
9,9,VGH2_L_DIV[3:0],,,,VGL2_L_DIV[3:0],,,,0x67
A,10,VGH2_R_DIV[3:0],,,,VGL2_R_DIV[3:0],,,,0x77
B,11,VGH3_L_DIV[3:0],,,,VGL3_L_DIV[3:0],,,,0x33
C,12,VGH3_R_DIV[3:0],,,,VGL3_R_DIV[3:0],,,,0x33
D,13,VGH4_L_DIV[3:0],,,,VGL4_L_DIV[3:0],,,,0x11
E,14,VGH4_R_DIV[3:0],,,,VGL4_R_DIV[3:0],,,,0x11
F,15,VGH5_L_DIV[3:0],,,,VGL5_L_DIV[3:0],,,,0x00
10,16,VGH5_R_DIV[3:0],,,,VGL5_R_DIV[3:0],,,,0x00
C2,Analog debug ,1,1,0,0,0,0,1,0,
1,1,IO_DL[7:0],,,,,,,,0x00
2,2,VTESTSEL[4:0] ,,,,,-,VTESTOE[1:0],,0xX0
C3,SETID,1,1,0,0,0,0,1,1,
1,1,ID1[7:0],,,,,,,,0x38
2,2,ID2[7:0],,,,,,,,0x21
3,3,ID3[7:0],,,,,,,,0x1F
4,4,-,-,-,-,-,ID_TIMES[2:0],,,0x00
C4,SETDDB,1,1,0,0,0,1,0,0,
1,1,DDB1[7:0],,,,,,,,by OTP
2,2,DDB2[7:0],,,,,,,,by OTP
3,3,DDB3[7:0],,,,,,,,by OTP
4,4,DDB4[7:0],,,,,,,,by OTP
C5,SETROM,1,1,0,0,0,1,0,1,
1,1,-,-,-,ROM_TEST_ADDR[12:8],ROM_TEST_ADDR[11:8](4'b0),,,,N/A
2,2,ROM_TEST_ADDR[7:0],,,,,,,,N/A
#NAME?,3,-,-,-,-,-,ROM_TEST,ROM_TEST_CSB,ROM_TEST_OEB,0x03
C6,SETECO,1,1,0,0,0,1,1,0,
1,1,ECO0[7:0],,,,,,,,0x00
2,2,ECO1[7:0],,,,,,,,0x00
3,3,ECO2[7:0],,,,,,,,0xFF
4,4,ECO3[7:0],,,,,,,,0xFF
5,5,ECO4[7:0],,,,,,,,0x00
6,6,ECO5[7:0],,,,,,,,0xFF
C7,SET IO,1,1,0,0,0,1,1,1,
1,1,PWM_OE,-,INVPLUS,VOUT_OE,HOUT_OE,IPHONE_TYPE[2:0],,,0x07
2,2,-,V_DELAY[2:0],,,SMRPS_IPHONE,H_DELAY[2:0],,,0x00
3,3,-,-,-,-,ESD_ENHANCE,SDO_EN,SPI_DCX_SEL_REG,DMA1A8H,0x0A
4,4,VOUT_H_DELAY[7:0],,,,,,,,0x00
5,5,VOUT_H_WIDTH[8:1],,,,,,,,0x00
6,6,-,-,-,-,VOUT_H_WIDTH[0],VOUT_INV,VOUT_TYPE[1:0],,0x00
C8,SETCABC,1,1,0,0,1,0,0,0,
1,1,-,PWMDIV[2:0],,,-,-,-,-,0x10
2,2,PWM_PERIOD[7:0],,,,,,,,0x40
3,3,-,DIM_FRAME[6:0],,,,,,,0x1E
4,4,-,-,-,-,-,-,DATA_GAIN_USE_CMB,CADBV_IGNORE_BAR,0x03
C9,SETCABCGAIN,1,1,0,0,1,0,0,1,
1,1,-,DBG0[6:0],,,,,,,0x40
2,2,-,DBG1[6:0],,,,,,,0x3C
3,3,-,DBG2[6:0],,,,,,,0x38
4,4,-,DBG3[6:0],,,,,,,0x34
5,5,-,DBG4[6:0],,,,,,,0x33
6,6,-,DBG5[6:0],,,,,,,0x32
7,7,-,DBG6[6:0],,,,,,,0x2B
8,8,-,DBG7[6:0],,,,,,,0x24
9,9,-,DBG8[6:0],,,,,,,0x22
CB,SETCLOCK,1,1,0,0,1,0,1,1,
1,1,OSC_DIV2,FORCE_ULP[2:0],,,-,FRADJ[2:0],,,0x03
2,2,-,CTUNE[2:0],,,FTUNE[3:0],,,,0x48
CC,SETPANEL,1,1,0,0,1,1,0,0,
1,1,-,-,-,-,SS_PANEL,GS_PANEL,REV_PANEL,BGR_PANEL,0x00
CD,DGC_R,1,1,0,0,1,1,0,1,
1,1,-,-,-,-,-,DITH_EN,DITH_OPT,DGC_EN,0x00
2,2,DGC_LUT_R00[7:0],,,,,,,,0x80
:,: ,:,,,,,,,,0x80
22,34,DGC_LUT_R32[7:0],,,,,,,,0x80
CE,DGC_G,1,1,0,0,1,1,1,0,
1,1,DGC_LUT_G00[7:0],,,,,,,,0x80
:,: ,:,,,,,,,,0x80
21,33,DGC_LUT_G32[7:0],,,,,,,,0x80
CF,DGC_B,1,1,0,0,1,1,1,1,
1,1,DGC_LUT_B00[7:0],,,,,,,,0x80
:,: ,:,,,,,,,,0x80
21,33,DGC_LUT_B32[7:0],,,,,,,,0x80
D0,GETID,1,1,0,1,0,0,0,0,
1,1,FORCELEAD_ID[7:0] ,,,,,,,,0x0D
2,2,DUMMY,,,,,,,,
3,3,DUMMY,,,,,,,,
4,4,DUMMY,,,,,,,,
5,5,DUMMY,,,,,,,,
6,6,VERSION[7:0] ,,,,,,,,0x01
E0,SETGAMMA,1,1,1,0,0,0,0,0,
1,1,-,-,PVR0[5:0],,,,,,00H
2,2,-,-,PVR1[5:0],,,,,,0CH
3,3,-,-,PVR2[5:0],,,,,,11H
4,4,-,-,PVR3[5:0],,,,,,0AH
5,5,-,-,PVR4[5:0],,,,,,10H
6,6,-,-,PVR5[5:0],,,,,,3FH
7,7,-,PPR0[6:0],,,,,,,1CH
8,8,-,PPR1[6:0],,,,,,,2BH
9,9,-,-,-, PPK0[4:0],,,,,06H
A,10,-,-,-,PPK1[4:0],,,,,0EH
B,11,-,-,-,PPK2[4:0],,,,,10H
C,12,-,-,-,PPK3[4:0],,,,,15H
D,13,-,-,-,PPK4[4:0],,,,,16H
E,14,-,-,-,PPK5[4:0],,,,,15H
F,15,-,-,-,PPK6[4:0],,,,,16H
10,16,-,-,-,PPK7[4:0],,,,,10H
11,17,-,-,-,PPK8[4:0],,,,,17H
12,18,-,-,NVR0[5:0],,,,,,00H
13,19,-,-,NVR1[5:0],,,,,,0CH
14,20,-,-,NVR2[5:0],,,,,,11H
15,21,-,-,NVR3[5:0],,,,,,0AH
16,22,-,-,NVR4[5:0],,,,,,10H
17,23,-,-,NVR5[5:0],,,,,,3FH
18,24,-,NPR0[6:0],,,,,,,1CH
19,25,-,NPR1[6:0],,,,,,,2BH
1A,26,-,-,-,NPK0[4:0],,,,,06H
1B,27,-,-,-,NPK1[4:0],,,,,0EH
1C,28,-,-,-,NPK2[4:0],,,,,10H
1D,29,-,-,-,NPK3[4:0],,,,,15H
1E,30,-,-,-,NPK4[4:0],,,,,16H
1F,31,-,-,-,NPK5[4:0],,,,,15H
20,32,-,-,-,NPK6[4:0],,,,,16H
21,33,-,-,-,NPK7[4:0],,,,,10H
22,34,-,-,-,NPK8[4:0],,,,,17H
E1,SETPOWER2,1,1,1,0,0,0,0,1,
1,1,-,VGH_DT_ON[2:0],,,-,VGH_DT_OFF[2:0],,,0x11
2,2,-,VGL_DT_ON[2:0],,,-,VGL_DT_OFF[2:0],,,0x11
3,3,PUR_VSN,VGH_WP[2:0],,,-,VGL_WP[2:0],,,0x91
E3,SETEQ,1,1,1,0,0,0,1,1,
1,1,PNOEQ[7:0],,,,,,,,0x00
2,2,NNOEQ[7:0],,,,,,,,0x00
3,3,PEQGND[7:0],,,,,,,,0x03
4,4,NEQGND[7:0],,,,,,,,0x03
5,5,PEQVCI[7:0],,,,,,,,0x03
6,6,NEQVCI[7:0],,,,,,,,0x03
7,7,PEQVCI1[7:0],,,,,,,,0x03
8,8,NEQVCI1[7:0],,,,,,,,0x03
9,9,VCOM_PULLGNDOFF[7:0],,,,,,,,0x00
A,10,VCOM_PULLGNDON[7:0],,,,,,,,0x00
B,11,VCOMIDLE_ON[7:0],,,,,,,,0xFF
C,12,EACH_OPON_EN,EACH_VCI_EN,EACH_GND_EN,-,-,-,-,-,0x80
D,13,ESD_DET_DATA_WHITE,ESD_WHITE_EN,ESD_OPT_P[1:0],,ESD_OPT_G[1:0],,ESD_OPT_S[1:0],,0xC0
E,14,-,-,-,SLPIN_OPTION,VEDIO_NO_CHECK_EN,ESD_WHITE_GND_EN,ESD_DET_TIME_SEL[1:0],,0x14
E4,SETCOLOR_EN,1,1,1,0,0,1,0,0,
1,1,-,-,-,-,-,-,-,CE_MASK,0x01
E5,SETCOLOR_EN,1,1,1,0,0,1,0,1,
1,1,SP_LEVEL[1:0],,CE_EN,-,-,-,-,-,0x00
2,2,,,,,,-,-,-,
3,3,-,-,-,Blue_3[12:8],,,,,0x08
4,4,Blue_3[7:0]  ,,,,,,,,0x32
5,5,-,-,-,Blue_2[12:8] ,,,,,0x1c
6,6,Blue_2[7:0]  ,,,,,,,,0x71
7,7,-,-,-,Blue_1[12:8] ,,,,,0x1f
8,8,Blue_1[7:0]  ,,,,,,,,0x90
9,9,-,-,-,Green_3[12:8],,,,,0x1e
A,10,Green_3[7:0] ,,,,,,,,0xcd
B,11,-,-,-,Green_2[12:8],,,,,0x07
C,12,Green_2[7:0] ,,,,,,,,0x4c
D,13,-,-,-,Green_1[12:8],,,,,0x1e
E,14,Green_1[7:0] ,,,,,,,,0x06
F,15,-,-,-,Red_3[12:8] ,,,,,0x1f
10,16,Red_3[7:0]   ,,,,,,,,0x66
11,17,-,-,-,Red_2[12:8] ,,,,,0x1e
12,18,Red_2[7:0]   ,,,,,,,,0x2a
13,19,-,-,-,Red_1[12:8]  ,,,,,0x06
14,20,Red_1[7:0]   ,,,,,,,,0x70
E7,,dsi cmd use don't use,,,,,,,,
E8,,,,,,,,,,
E9,SET GIP 1,1,1,1,0,1,0,0,1,
1,1,REF_EN,BLOCK_DATA_EN,-,-,PANEL_SEL[3:0],,,,0x44
2,2,-,-,-,SHR0[12:8],,,,,0x00
3,3,SHR0[7:0],,,,,,,,0x00
4,4,-,-,-,SHR1[12:8],,,,,0x00
5,5,SHR1[7:0],,,,,,,,0x00
6,6,SPON[7:0],,,,,,,,0x00
7,7,SPOFF[7:0],,,,,,,,0x00
8,8,SHR0_1[3:0],,,,SHR0_2[3:0],,,,0x00
9,9,SHR0_3[3:0],,,,SHR1_1[3:0],,,,0x00
A,10,SHR1_2[3:0],,,,SHR1_3[3:0],,,,0x00
B,11,SHP[3:0],,,,SCP[3:0],,,,0x00
C,12,CHR[7:0],,,,,,,,0x00
D,13,CON[7:0],,,,,,,,0x02
E,14,COFF[7:0],,,,,,,,0x02
F,15,CHP[3:0],,,,CCP[3:0],,,,0x00
10,16,USER_GIP_GATE[7:0],,,,,,,,0x00
11,17,-,-,CGTS_L[21:16],,,,,,0x00
12,18,CGTS_L[15:8],,,,,,,,0x00
13,19,CGTS_L[7:0],,,,,,,,0x00
14,20,-,-,CGTS_INV_L[21:16],,,,,,0x00
15,21,CGTS_INV_L[15:8],,,,,,,,0x00
16,22,CGTS_INV_L[7:0],,,,,,,,0x00
17,23,-,-,CGTS_R[21:16],,,,,,0x00
18,24,CGTS_R[15:8],,,,,,,,0x00
19,25,CGTS_R[7:0],,,,,,,,0x00
1A,26,-,-,CGTS_INV_R[21:16],,,,,,0x00
1B,27,CGTS_INV_R[15:8],,,,,,,,0x00
1C,28,CGTS_INV_R[7:0],,,,,,,,0x00
1D,29,COS1_L[3:0],,,,COS2_L[3:0],,,,0x00
1E,30,COS3_L[3:0],,,,COS4_L[3:0],,,,0x00
1F,31,COS5_L[3:0],,,,COS6_L[3:0],,,,0x00
20,32,COS7_L[3:0],,,,COS8_L[3:0],,,,0x00
21,33,COS9_L[3:0],,,,COS10_L[3:0],,,,0x00
22,34,COS11_L[3:0],,,,COS12_L[3:0],,,,0x00
23,35,COS13_L[3:0],,,,COS14_L[3:0],,,,0x00
24,36,COS15_L[3:0],,,,COS16_L[3:0],,,,0x00
25,37,COS17_L[3:0],,,,COS18_L[3:0],,,,0x00
26,38,COS19_L[3:0],,,,COS20_L[3:0],,,,0x00
27,39,COS21_L[3:0],,,,COS22_L[3:0],,,,0x00
28,40,COS1_R[3:0],,,,COS2_R[3:0],,,,0x00
29,41,COS3_R[3:0],,,,COS4_R[3:0],,,,0x00
2A,42,COS5_R[3:0],,,,COS6_R[3:0],,,,0x00
2B,43,COS7_R[3:0],,,,COS8_R[3:0],,,,0x00
2C,44,COS9_R[3:0],,,,COS10_R[3:0],,,,0x00
2D,45,COS11_R[3:0],,,,COS12_R[3:0],,,,0x00
2E,46,COS13_R[3:0],,,,COS14_R[3:0],,,,0x00
2F,47,COS15_R[3:0],,,,COS16_R[3:0],,,,0x00
30,48,COS17_R[3:0],,,,COS18_R[3:0],,,,0x00
31,49,COS19_R[3:0],,,,COS20_R[3:0],,,,0x00
32,50,COS21_R[3:0],,,,COS22_R[3:0],,,,0x00
33,51,TCON_OPT[7:0],,,,,,,,0x00
34,52,GON ,GIP_OPT[22:16],,,,,,,0x00
35,53,GIP_OPT[15:8],,,,,,,,0x00
36,54,GIP_OPT[7:0],,,,,,,,0x00
37,55,CHR2[7:0],,,,,,,,0x00
38,56,CON2[7:0],,,,,,,,0x02
39,57,COFF2[7:0],,,,,,,,0x02
3A,58,CHP2[3:0],,,,CCP2[3:0],,,,0x00
3B,59,-,-,CKS[21:16],,,,,,0x00
3C,60,CKS[15:8],,,,,,,,0x00
3D,61,CKS[7:0],,,,,,,,0x00
3E,62,COFF[9:8],,CON[9:8],,SPOFF[9:8],,SPON[9:8],,0x00
3F,63,COFF2[9:8],,CON2[9:8],,-,-,-,-,0x00
EA,SET GIP 2,1,1,1,0,1,0,1,0,
1,1,ys2_sel[1:0],,ys1_sel[1:0],,ys2_xor,ys1_xor,ys_flag_en,all_on_en,0x94
2,2,user_gip_gate1[7:0],,,,,,,,0x00
3,3,ck_all_on_en,stv_all_on_en,ck_all_on_width1[5:0] ,,,,,,0x00
4,4,,,ck_all_on_width2[5:0] ,,,,,,0x00
5,5,,,ck_all_on_width3[5:0] ,,,,,,0x00
6,6,ys_flag_period[7:0],,,,,,,,0x00
7,7,ys2_sel_2[1:0],,ys1_sel_2[1:0],,ys2_xor_2,ys1_xor_2,ys_flag_en_2,all_on_en_2,0x94
8,8,user_gip_gate1_2[7:0],,,,,,,,0x00
9,9,ck_all_on_en_2,stv_all_on_en_2,ck_all_on_width1_2[5:0] ,,,,,,0x00
A,10,,,ck_all_on_width2_2[5:0] ,,,,,,0x00
B,11,,,ck_all_on_width3_2[5:0] ,,,,,,0x00
C,12,ys_flag_period_2[7:0],,,,,,,,0x00
D,13,COS1_L_GS[3:0],,,,COS2_L_GS[3:0],,,,0x00
E,14,COS3_L_GS[3:0],,,,COS4_L_GS[3:0],,,,0x00
F,15,COS5_L_GS[3:0],,,,COS6_L_GS[3:0],,,,0x00
10,16,COS7_L_GS[3:0],,,,COS8_L_GS[3:0],,,,0x00
11,17,COS9_L_GS[3:0],,,,COS10_L_GS[3:0],,,,0x00
12,18,COS11_L_GS[3:0],,,,COS12_L_GS[3:0],,,,0x00
13,19,COS13_L_GS[3:0],,,,COS14_L_GS[3:0],,,,0x00
14,20,COS15_L_GS[3:0],,,,COS16_L_GS[3:0],,,,0x00
15,21,COS17_L_GS[3:0],,,,COS18_L_GS[3:0],,,,0x00
16,22,COS19_L_GS[3:0],,,,COS20_L_GS[3:0],,,,0x00
17,23,COS21_L_GS[3:0],,,,COS22_L_GS[3:0],,,,0x00
18,24,COS1_R_GS[3:0],,,,COS2_R_GS[3:0],,,,0x00
19,25,COS3_R_GS[3:0],,,,COS4_R_GS[3:0],,,,0x00
1A,26,COS5_R_GS[3:0],,,,COS6_R_GS[3:0],,,,0x00
1B,27,COS7_R_GS[3:0],,,,COS8_R_GS[3:0],,,,0x00
1C,28,COS9_R_GS[3:0],,,,COS10_R_GS[3:0],,,,0x00
1D,29,COS11_R_GS[3:0],,,,COS12_R_GS[3:0],,,,0x00
1E,30,COS13_R_GS[3:0],,,,COS14_R_GS[3:0],,,,0x00
1F,31,COS15_R_GS[3:0],,,,COS16_R_GS[3:0],,,,0x00
20,32,COS17_R_GS[3:0],,,,COS18_R_GS[3:0],,,,0x00
21,33,COS19_R_GS[3:0],,,,COS20_R_GS[3:0],,,,0x00
22,34,COS21_R_GS[3:0],,,,COS22_R_GS[3:0],,,,0x00
23,35,-,-,EQOPT[1:0],,-,-,EQ_SEL[1:0],,0x30
24,36,EQ_DELAY[7:0],,,,,,,,0x00
25,37,-,-,-,-,EQ_DELAY_HSYNC[3:0],,,,0x00
26,38,-,-,-,-,-,-,HSYNC_TO_CL1_CNT10[9:8],,0x00
27,39,HSYNC_TO_CL1_CNT10[7:0],,,,,,,,0x01
28,40,-,-,-,-,-,-,-,HIZ_L,0x00
29,41,-,-,-,-,-,-,-,HIZ_R,0x00
2A,42,-,-,CKS_GS[21:16],,,,,,0x00
2B,43,CKS_GS[15:8],,,,,,,,0x00
2C,44,CKS_GS[7:0],,,,,,,,0x00
2D,45,-,-,CK_MSB_EN[21:16],,,,,,0x00
2E,46,CK_MSB_EN[15:8],,,,,,,,0x00
2F,47,CK_MSB_EN[7:0],,,,,,,,0x00
30,48,-,-,CK_MSB_EN_GS[21:16],,,,,,0x00
31,49,CK_MSB_EN_GS[15:8],,,,,,,,0x00
32,50,CK_MSB_EN_GS[7:0],,,,,,,,0x00
33,51,-,-,-,SHR2[12:8],,,,,0x00
34,52,SHR2[7:0],,,,,,,,0x00
35,53,SHR2_1[3:0],,,,SHR2_2[3:0],,,,0x00
36,54,SHR2_3[3:0],,,,-,-,-,-,0x00
37,55,SHP1[3:0],,,,-,-,-,-,0x00
38,56,SPON1[7:0],,,,,,,,0x00
39,57,SPOFF1[7:0],,,,,,,,0x00
3A,58,SHP2[3:0],,,,-,-,-,-,0x00
3B,59,SPON2[7:0],,,,,,,,0x00
3C,60,SPOFF2[7:0],,,,,,,,0x00
3D,61,SPOFF2[9:8],,SPON2[9:8],,SPOFF1[9:8],,SPON1[9:8],,0x00
EB,SETCOLOR,1,1,1,0,1,0,1,1,
1,1,Bkx[1:0],,Bky[1:0],,Wx[1:0],,Wy[1:0],,BY OTP
2,2,BKx[9:2],,,,,,,,BY OTP
3,3,BKy[9:2],,,,,,,,BY OTP
4,4,Wx[9:2],,,,,,,,BY OTP
5,5,Wy[9:2],,,,,,,,BY OTP
6,6,Rx[1:0],,Ry[1:0],,Gx[1:0],,Gy[1:0],,BY OTP
7,7,Rx[9:2],,,,,,,,BY OTP
8,8,Ry[9:2],,,,,,,,BY OTP
9,9,Gx[9:2],,,,,,,,BY OTP
A,10,Gy[9:2],,,,,,,,BY OTP
B,11,Bx[1:0],,By[1:0],,Ax[1:0],,Ay[1:0],,BY OTP
C,12,Bx[9:2],,,,,,,,BY OTP
D,13,By[9:2],,,,,,,,BY OTP
E,14,Ax[9:2],,,,,,,,BY OTP
F,15,Ay[9:2],,,,,,,,BY OTP
EC,STATUS_READ,1,1,1,0,1,1,0,0,
,all,HWRESET,SWRESET,GC_UPDATE,CABC_UPDATE,OUT2IN,OUT2OUT,IN2OUT,OTP_PROG,
ED,STATUS_READ,1,1,1,0,1,1,0,1,
,all,DOFF2ON,DON2OFF,-,-,-,-,-,-,
EE,STATUS_READ,1,1,1,0,1,1,1,0,
1,1,SLPOUT,DISPON,D[0],CABC[1:0],,GC_SEL,,-,
F0,GPO,1,1,1,1,0,0,0,0,
1,1,-,-,-,-,-,-,-,T_OSC_OE,0x00
F1,TEMP_SENSOR,1,1,1,1,0,0,0,1,
1,1,PASSWORD[7:0],,,,,,,,0x00
2,2,TEMP_ST[3:0],,,,TEMP_FRAME[3:0],,,,0x3F
3,3,-,-,L_TH[5:0],,,,,,0x14
4,4,-,-,H_TH[5:0],,,,,,0x30
5,5,-,L_PLUS[2:0],,,-,L_MINUS[2:0],,,0x55
6,6,-,H_PLUS[2:0],,,-,H_MINUS[2:0],,,0x55
7,7,TEMP_FILTER_EN,-,-,-,SAME_NUM[3:0],,,,0x0f
8,8,TEMP_TEST_EN,T_TEMP_SEL[5:0],,,,,,T_TEMP_EN,0x00
9,9,-,-,-,-,-,-,TEMP_TRIM_REN,TEMP_TRIM_IEN,0x00
A,10,-,-,-,TEMP_OUT,TEMP_OUT_3,TEMP_OUT_2,TEMP_OUT_1,TEMP_OUT_0,
B,11,-,TEMP_VOLTAGE_SEL[2:0],,,TEMP_OUT_3_DLY,TEMP_OUT_2_DLY,TEMP_OUT_1_DLY,TEMP_OUT_0_DLY,
F2,TEMP_VOLTAGE,1,1,1,1,0,0,1,0,
1,1,VBTHS1[3:0] ,,,,VBTLS1[3:0] ,,,,0x53
2,2,ECP_DC_DIV1[3:0],,,,-,-,-,-,0x40
3,3,VCOMDC_F1[7:0],,,,,,,,0x4D
4,4,VCOMDC_B1[7:0],,,,,,,,0x4D
5,5,-,-,PVR01[5:0],,,,,,0x00
6,6,-,-,PVR51[5:0],,,,,,0x00
7,7,-,-,NVR01[5:0],,,,,,0x00
8,8,-,-,NVR51[5:0],,,,,,0x00
9,9,-,-,-,-,-,N_NW_HT[2:0],,,0x00
A,10,VBTHS4[3:0] ,,,,VBTLS4[3:0] ,,,,0x53
B,11,ECP_DC_DIV4[3:0],,,,-,-,-,-,0x40
C,12,VCOMDC_F4[7:0],,,,,,,,0x4D
D,13,VCOMDC_B4[7:0],,,,,,,,0x4D
E,14,-,-,PVR04[5:0],,,,,,0x00
F,15,-,-,PVR54[5:0],,,,,,0x00
10,16,-,-,NVR04[5:0],,,,,,0x00
11,17,-,-,NVR54[5:0],,,,,,0x00
12,18,-,-,-,-,-,N_NW_LT[2:0],,,0x00
13,19,-,-,-,-,-,-,-,TEMP_SENSOR_ON,0x00
FC,GETDSI STATU,1,1,1,1,1,1,0,0,
1,1,DSI_RPT_0[7:0],,,,,,,,
2,2,DSI_RPT_1[7:0],,,,,,,,
3,3,DSI_RPT_2[7:0],,,,,,,,
4,4,DSI_RPT_3[7:0],,,,,,,,
FD,SETCNCD/GETCNCD,1,1,1,1,1,1,0,1,
1,1,WR_CMD_CN[7:0],,,,,,,,
FE,SET SPI_RDEN,1,1,1,1,1,1,1,0,
1,1,SPI_RDEN_ADDR[7:0],,,,,,,,0x00
FF,GET SPI_RDEN,1,1,1,1,1,1,1,1,
1,1,,,,,,,,,0x00
2,2,,,,,,,,,
3,3,,,,,,,,,
4,4,,,,,,,,,
5,5,,,,,,,,,
